{"stats":{"minecraft:custom":{"minecraft:jump":33,"minecraft:time_since_rest":625,"minecraft:damage_dealt":180,"minecraft:leave_game":1,"minecraft:sprint_one_cm":580,"minecraft:play_time":625,"minecraft:damage_taken":20,"minecraft:time_since_death":625,"minecraft:walk_one_cm":1086,"minecraft:total_world_time":625,"minecraft:mob_kills":2,"minecraft:fall_one_cm":1716,"minecraft:fly_one_cm":1637},"minecraft:picked_up":{"minecraft:porkchop":2,"minecraft:mutton":2,"minecraft:white_wool":1},"minecraft:killed":{"minecraft:pig":1,"minecraft:sheep":1}},"DataVersion":2975}